name,location,content
Bonny Boutique Đà Nẵng,"3 Khuê Mỹ Đông 10, khuê Mỹ, Ngũ Hành Sơn, Đà Nẵng, Việt Nam, Đà Nẵng, Việt Nam","Bạn đủ điều kiện nhận giảm giá Genius tại Bonny Boutique Đà Nẵng! Để tiết kiệm tại chỗ nghỉ này, bạn chỉ cần đăng nhập.
Tọa lạc tại thành phố Đà Nẵng, cách Bãi biển Bắc Mỹ An chưa đầy 1 km, Bonny Boutique Đà Nẵng có dịch vụ tiền sảnh, phòng nghỉ không gây dị ứng, xe đạp cho khách sử dụng miễn phí, WiFi miễn phí trong toàn bộ khuôn viên và khu vườn. Khách sạn này cũng có lễ tân 24 giờ, sân hiên, hồ bơi trong nhà, phòng xông hơi khô và dịch vụ phòng.
Phòng nghỉ gắn máy điều hòa tại Bonny Boutique Đà Nẵng có bàn làm việc, ấm đun nước, tủ lạnh, minibar, két an toàn, TV màn hình phẳng, ban công và phòng tắm riêng với vòi xịt/chậu rửa vệ sinh. Các phòng được trang bị ga trải giường và khăn tắm.
Chỗ nghỉ phục vụ bữa sáng buffet hoặc bữa sáng à la carte.
Du khách được thoải mái sử dụng bể sục tại Bonny Boutique Đà Nẵng.
Khách sạn nằm cách Bãi biển Mỹ Khê 1,2 km và Công viên Châu Á 2,6 km. Sân bay gần nhất là sân bay quốc tế Đà Nẵng, nằm trong bán kính 7 km từ Bonny Boutique Đà Nẵng, và chỗ nghỉ cung cấp dịch vụ đưa đón sân bay với một khoản phụ phí."
MƯỜNG THANH APARTMENT,"51 Trần Bạch Đằng CHUNG CƯ MƯỜNG THANH ĐÀ NẴNG, Đà Nẵng, Việt Nam","Boasting mountain views, MƯỜNG THANH APARTMENT features accommodation with a balcony, around 1 km from Bac My An Beach. The property has city and sea views, and is 200 metres from My Khe Beach.
The air-conditioned apartment consists of 1 bedroom, a living room, a fully equipped kitchen with a fridge, and 2 bathrooms with a bidet and a hairdryer. The property also has 2 bathrooms featuring a shower and slippers, and towels and bed linen are provided.
Love Lock Bridge Da Nang is 2.9 km from the apartment, while Cham Museum is 3.5 km from the property. The nearest airport is Da Nang International Airport, 6 km from MƯỜNG THANH APARTMENT."
Duy Tung Hotel Da Nang,"90 Tô Hiến Thành, Đà Nẵng, Việt Nam","Bạn đủ điều kiện nhận giảm giá Genius tại Duy Tung Hotel Da Nang! Để tiết kiệm tại chỗ nghỉ này, bạn chỉ cần đăng nhập.
Tọa lạc tại thành phố Đà Nẵng, cách Bãi biển Mỹ Khê 2 km, Duy Tung Hotel Da Nang cung cấp chỗ nghỉ với khu vườn, chỗ đỗ xe riêng miễn phí, sảnh khách chung và nhà hàng. Khách sạn 3 sao này có bếp chung, dịch vụ đưa đón miễn phí, WiFi miễn phí, dịch vụ phòng, dịch vụ tiền sảnh và dịch vụ thu đổi ngoại tệ cho khách.
Phòng nghỉ gắn máy điều hòa tại Duy Tung Hotel Da Nang có bàn làm việc, máy pha cà phê, tủ lạnh, minibar, két an toàn, TV màn hình phẳng, sân trong và phòng tắm riêng với vòi xịt/chậu rửa vệ sinh. Các phòng còn cho tầm nhìn ra quang cảnh thành phố và sử dụng phòng tắm chung đi kèm vòi sen cùng đồ vệ sinh cá nhân miễn phí. Tất cả các phòng đều được trang bị ga trải giường và khăn tắm.
Duy Tung Hotel Da Nang phục vụ bữa sáng à la carte và bữa sáng kiểu lục địa hằng ngày.
Khách sạn có sân hiên tắm nắng. Khu vực này nổi tiếng với hoạt động đi xe đạp và du khách cũng có thể thuê xe đạp tại khách sạn 3 sao này.
Đội ngũ nhân viên nói tiếng Afrikaans, tiếng Ả Rập, tiếng Azerbaijan và tiếng Belarus tại quầy lễ tân 24 giờ sẵn sàng hỗ trợ du khách suốt cả ngày.
Duy Tung Hotel Da Nang nằm trong bán kính 2,2 km từ Bãi biển Bắc Mỹ An và 1,7 km từ Cầu khóa Tình yêu. Sân bay gần nhất là sân bay quốc tế Đà Nẵng, cách chỗ nghỉ 5 km."
Merry Land Hotel Da Nang,"Lot B20- B21 Pham Van Dong Str, An Hai Bac Ward, Son Tra District, Đà Nẵng, Việt Nam","Bạn đủ điều kiện nhận giảm giá Genius tại Merry Land Hotel Da Nang! Để tiết kiệm tại chỗ nghỉ này, bạn chỉ cần đăng nhập.
Merry Land Hotel Da Nang cung cấp các phòng nghỉ tại thành phố Đà Nẵng, cách Cầu Sông Hàn chỉ 2 phút lái xe. Khách sạn có hồ bơi ngoài trời mở cửa quanh năm, sân hiên tắm nắng và quầy bar tại chỗ. Wi-Fi trong tất cả khu vực và chỗ đậu xe riêng trong khuôn viên đều được cung cấp miễn phí.
Mỗi phòng nghỉ tại khách sạn này đều được trang bị máy điều hòa, TV màn hình phẳng, ấm đun nước và phòng tắm riêng kèm chậu rửa vệ sinh (bidet), dép cùng đồ vệ sinh cá nhân giúp khách cảm thấy thoải mái.
Khách sạn có lễ tân hoạt động 24 giờ và dịch vụ cho thuê xe hơi.
Khách sạn nằm cách Cầu Tàu Tình Yêu Đà Nẵng và trung tâm mua sắm Indochina Riverside Mall 5 phút lái xe. Công viên giải trí Asia Park và sân bay gần nhất là sân bay quốc tế Đà Nẵng đều cách Merry Land Hotel Da Nang 15 phút lái xe."
Cherry Hotel & Apartment Da Nang - Phoenix 2 Hotel,"41-42 Do Bi Street, Đà Nẵng, Việt Nam","Nằm ở thành phố Đà Nẵng, Cherry Hotel & Apartment Da Nang - Phoenix 2 Hotel có hồ bơi ngoài trời, sảnh khách chung, sân hiên và nhà hàng. Khách sạn 4 sao này cung cấp dịch vụ phòng và có máy ATM. Chỗ nghỉ cung cấp dịch vụ lễ tân 24 giờ, dịch vụ đưa đón sân bay, bếp chung và Wi-Fi miễn phí trong toàn bộ khuôn viên.
Phòng nghỉ gắn máy điều hòa tại khách sạn có bàn làm việc, ấm đun nước, tủ lạnh, minibar, két an toàn, TV màn hình phẳng và phòng tắm riêng với vòi xịt/chậu rửa vệ sinh. Một số phòng được bố trí khu vực bếp nấu ăn. Mỗi phòng tại Cherry Hotel & Apartment Da Nang - Phoenix 2 Hotel đều được trang bị ga trải giường và khăn tắm.
Chỗ nghỉ nằm cách Bãi biển Mỹ Khê 600 m và Bãi biển Bắc Mỹ An 1,2 km. Sân bay gần nhất là sân bay quốc tế Đà Nẵng, nằm trong bán kính 6 km từ Cherry Hotel & Apartment Da Nang - Phoenix 2 Hotel."
Raon Danang Beach,"5-7 An Thuong 32, My An Ward, Ngu Hanh Son District, Đà Nẵng, Việt Nam","Bạn đủ điều kiện nhận giảm giá Genius tại Raon Danang Beach! Để tiết kiệm tại chỗ nghỉ này, bạn chỉ cần đăng nhập.
Tọa lạc tại thành phố Đà Nẵng, cách Bãi biển Mỹ Khê 400 m và Bãi biển Bắc Mỹ An chưa đầy 1 km, Raon Danang Beach cung cấp chỗ nghỉ với sảnh khách chung và WiFi miễn phí trong toàn bộ khuôn viên cũng như chỗ đỗ xe riêng miễn phí cho khách lái xe. Khách sạn 3 sao này có dịch vụ phòng, lễ tân 24 giờ, dịch vụ tiền sảnh, bàn đặt tour và dịch vụ thu đổi ngoại tệ cho khách.
Tất cả phòng nghỉ tại khách sạn đều được trang bị máy điều hòa, TV truyền hình vệ tinh màn hình phẳng, tủ lạnh, ấm đun nước, vòi xịt/chậu rửa vệ sinh, máy sấy tóc và bàn làm việc. Các phòng được bố trí ga trải giường, khăn tắm và phòng tắm riêng với vòi sen. Một số phòng có ban công trong khi các phòng còn lại nhìn ra quang cảnh thành phố.
Raon Danang Beach cung cấp chỗ nghỉ 3 sao với hồ bơi trong nhà.
Chỗ nghỉ nằm trong bán kính 3 km từ Cầu khóa Tình yêu và 3,7 km từ Bảo tàng Chăm. Sân bay gần nhất là sân bay quốc tế Đà Nẵng, cách Raon Danang Beach 7 km, và chỗ nghỉ cung cấp dịch vụ đưa đón sân bay với một khoản phụ phí."
Raon Apartment and Hotel,"97A Hoàng Bích Sơn, Đà Nẵng, Việt Nam","Bạn đủ điều kiện nhận giảm giá Genius tại Raon Apartment and Hotel! Để tiết kiệm tại chỗ nghỉ này, bạn chỉ cần đăng nhập.
Tọa lạc tại thành phố Đà Nẵng, Raon Apartment and Hotel là chỗ nghỉ 3 sao quay mặt ra biển. Khách sạn 3 sao này có dịch vụ tiền sảnh và bàn đặt tour. Nơi đây cung cấp dịch vụ lễ tân 24 giờ, dịch vụ đưa đón sân bay, dịch vụ phòng và WiFi miễn phí trong toàn bộ khuôn viên.
Tất cả phòng nghỉ tại khách sạn đều được trang bị máy điều hòa, TV truyền hình vệ tinh màn hình phẳng, minibar, ấm đun nước, vòi xịt/chậu rửa vệ sinh, máy sấy tóc và bàn làm việc. Các phòng có ga trải giường, khăn tắm và phòng tắm riêng với vòi sen cùng dép. Một số phòng được bố trí khu vực bếp ăn nhỏ với tủ lạnh.
Khu vực này nổi tiếng với hoạt động đi bộ đường dài và du khách cũng có thể thuê xe hơi tại khách sạn 3 sao này.
Raon Apartment and Hotel nằm cách Bãi biển Mỹ Khê 700 m và Cầu Sông Hàn 1,9 km. Sân bay gần nhất là sân bay quốc tế Đà Nẵng, nằm trong bán kính 6 km từ chỗ nghỉ."
Menora Premium Da Nang - Sea Corner Boutique,"196 Tran Bach Dang Street, My An Ward, Ngu Hanh Son District, Đà Nẵng, Việt Nam","Bạn đủ điều kiện nhận giảm giá Genius tại Menora Premium Da Nang - Sea Corner Boutique! Để tiết kiệm tại chỗ nghỉ này, bạn chỉ cần đăng nhập.
Quay mặt ra biển ở thành phố Đà Nẵng, Menora Premium Da Nang - Sea Corner Boutique cung cấp chỗ nghỉ 3 sao và có hồ bơi ngoài trời, sân hiên cũng như nhà hàng. Khách sạn 3 sao này có dịch vụ tiền sảnh và bàn đặt tour. Chỗ nghỉ cung cấp dịch vụ lễ tân 24 giờ, dịch vụ đưa đón sân bay, dịch vụ phòng và WiFi miễn phí trong toàn bộ khuôn viên.
Phòng nghỉ gắn máy điều hòa tại Menora Premium Da Nang - Sea Corner Boutique có bàn làm việc, ấm đun nước, tủ lạnh, minibar, két an toàn, TV màn hình phẳng và phòng tắm riêng với vòi xịt/chậu rửa vệ sinh. Mỗi phòng đều được trang bị ga trải giường và khăn tắm.
Chỗ nghỉ phục vụ bữa sáng buffet, bữa sáng à la carte và bữa sáng kiểu lục địa hằng ngày.
Du khách lưu trú tại chỗ nghỉ có thể tham gia các hoạt động trong và xung quanh thành phố Đà Nẵng, như đi xe đạp.
Menora Premium Da Nang - Sea Corner Boutique nằm cách Bãi biển Mỹ Khê 300 m và Bãi biển Bắc Mỹ An chưa đầy 1 km. Sân bay gần nhất là sân bay quốc tế Đà Nẵng, nằm trong bán kính 6 km từ khách sạn."
SOCO Hotel,"305 Nguyen Van Thoai, Đà Nẵng, Việt Nam","Bạn đủ điều kiện nhận giảm giá Genius tại SOCO Hotel! Để tiết kiệm tại chỗ nghỉ này, bạn chỉ cần đăng nhập.
SOCO Hotel nằm ở vị trí thuận tiện, chỉ cách Sân bay Quốc tế Đà Nẵng 5 km. Với tầm nhìn tuyệt đẹp ra biển, nơi nghỉ có các phòng được trang bị nội thất thanh lịch với truy cập Wi-Fi miễn phí.
Khách sạn nằm trong một tòa nhà hiện đại chỉ cách Bãi biển Mỹ Khê 100 m. Quý khách có thể ghé thăm Ngũ Hành Sơn, cách đó 6,1 km và Bãi biển Non Nước nổi tiếng, cách 6,5 km.
Tươi sáng và đầy phong cách, các phòng máy lạnh tại đây được trang bị minibar, TV màn hình phẳng và khu vực tiếp khách. Phòng tắm riêng đi kèm máy sấy tóc và bồn tắm/vòi sen. Một số phòng nhìn ra biển còn số khác nhìn ra ngọn núi.
Lễ tân 24 giờ sẽ sẵn lòng hỗ trợ quý khách với chỗ để hành lý cũng như tiện nghi đỗ xe miễn phí. Để thuận tiện cho quý khách nơi nghỉ có thể sắp xếp dịch vụ vận chuyển sân bay và dịch vụ đưa đón có tính phí. Quý khách cũng có thể sử dụng tiện nghi tổ chức hội họp và tiệc.
Quý khách còn có thể nếm các bữa ăn kiểu Việt Nam truyền thống tại nhà hàng trong khuôn viên. Quầy bar có một loạt các loại cocktail và đồ uống có cồn khác để quý khách thưởng thức."
Nguyen Gia Hotel,"Hoàng Sa, Đà Nẵng, Việt Nam","Quay mặt ra bãi biển, Nguyen Gia Hotel cung cấp chỗ nghỉ 3 sao tại thành phố Đà Nẵng và có xe đạp miễn phí, hồ bơi ngoài trời cũng như sảnh khách chung. Trong số các tiện nghi của chỗ nghỉ này có nhà hàng, dịch vụ phòng và dịch vụ đưa đón miễn phí cũng như WiFi miễn phí trong toàn bộ khuôn viên. Chỗ nghỉ có dịch vụ tiền sảnh, bàn đặt tour và dịch vụ thu đổi ngoại tệ cho khách.
Phòng nghỉ gắn máy điều hòa tại khách sạn được bố trí bàn làm việc, ấm đun nước, minibar, két an toàn, TV màn hình phẳng và phòng tắm riêng với vòi xịt/chậu rửa vệ sinh. Một số phòng còn có bếp đi kèm tủ lạnh và bếp nấu ăn. Tất cả các phòng đều được trang bị tủ để quần áo.
Chỗ nghỉ phục vụ bữa sáng buffet, bữa sáng à la carte hoặc bữa sáng kiểu Mỹ hằng ngày.
Nguyen Gia Hotel có sân hiên.
Chỗ nghỉ nằm cách bãi biển Mỹ Khê vài bước chân và Bãi Bụt 3 km. Sân bay gần nhất là sân bay quốc tế Đà Nẵng, cách Nguyen Gia Hotel 9 km."
Golden Rose Hotel,"56 Loseby Phường An Hải Bắc, Quận Sơn Trà, Đà Nẵng, Việt Nam","Bạn đủ điều kiện nhận giảm giá Genius tại Golden Rose Hotel! Để tiết kiệm tại chỗ nghỉ này, bạn chỉ cần đăng nhập.
Tọa lạc tại thành phố Đà Nẵng, cách Bãi biển Mỹ Khê 600 m, Golden Rose Hotel cung cấp chỗ nghỉ với sảnh khách chung, chỗ đỗ xe riêng miễn phí và nhà hàng. Khách sạn 4 sao này có dịch vụ tiền sảnh và bàn đặt tour. Chỗ nghỉ cung cấp dịch vụ lễ tân 24 giờ, dịch vụ đưa đón sân bay, dịch vụ phòng và Wi-Fi miễn phí.
Các căn gắn máy điều hòa tại khách sạn được bố trí khu vực ghế ngồi, TV màn hình phẳng với các kênh truyền hình vệ tinh, két an toàn và phòng tắm riêng đi kèm vòi xịt/chậu rửa vệ sinh, đồ vệ sinh cá nhân miễn phí cùng máy sấy tóc. Golden Rose Hotel có một số phòng nhìn ra biển và mỗi phòng đều có ấm đun nước. Tất cả các phòng đều đi kèm ga trải giường và khăn tắm.
Golden Rose Hotel nằm cách Cầu Sông Hàn 1,9 km và Cầu khóa Tình yêu 2,6 km. Sân bay gần nhất là sân bay quốc tế Đà Nẵng, nằm cách khách sạn 6 km."
Dylan Hotel Danang Managed By Marcom Jack Lee,"93 Ha Bong , Đà Nẵng, Việt Nam","Bạn đủ điều kiện nhận giảm giá Genius tại Dylan Hotel Danang Managed By Marcom Jack Lee! Để tiết kiệm tại chỗ nghỉ này, bạn chỉ cần đăng nhập.
Tọa lạc tại thành phố Đà Nẵng, cách bãi biển Mỹ Khê chưa đầy 1 km, Dylan Hotel Danang Managed By Marcom Jack Lee cung cấp chỗ nghỉ với hồ bơi ngoài trời, chỗ đỗ xe riêng miễn phí, nhà hàng và quầy bar. Khách sạn 4 sao này có một loạt tiện nghi thể thao dưới nước, dịch vụ tiền sảnh, lễ tân 24 giờ, dịch vụ đưa đón sân bay, dịch vụ phòng và WiFi miễn phí trong toàn bộ khuôn viên.
Phòng nghỉ gắn máy điều hòa tại khách sạn có bàn làm việc, ấm đun nước, tủ lạnh, minibar, két an toàn, TV và phòng tắm riêng với vòi xịt/chậu rửa vệ sinh. Tất cả các phòng đều được trang bị tủ để quần áo.
Chỗ nghỉ phục vụ bữa sáng buffet, bữa sáng kiểu lục địa hoặc bữa sáng kiểu Anh/Ailen.
Khu vực này nổi tiếng với các hoạt động đi bộ đường dài và đi xe đạp trong khi du khách có thể thuê xe đạp tại khách sạn 4 sao này.
Dylan Hotel Danang Managed By Marcom Jack Lee nằm cách Bãi biển Bắc Mỹ An 2,6 km và Cầu khóa Tình yêu 2,2 km. Sân bay gần nhất là sân bay quốc tế Đà Nẵng, nằm trong bán kính 5 km từ chỗ nghỉ."
Star City Riverside Hotel By Haviland,"147-149 Tran Hung Dao, Nai Hien Dong, Son Tra, Đà Nẵng, Việt Nam","Bạn đủ điều kiện nhận giảm giá Genius tại Star City Riverside Hotel By Haviland! Để tiết kiệm tại chỗ nghỉ này, bạn chỉ cần đăng nhập.
Nằm bên bờ Sông Hàn, Star City Riverside Hotel By Haviland cung cấp không gian sinh hoạt hiện đại với tầm nhìn ra toàn cảnh thành phố Đà Nẵng. Khách sạn này có nhà hàng & quầy bar trong khuôn viên và WiFi miễn phí ở tất cả các khu vực.
Du khách có thể ngắm nhìn quang cảnh thành phố trong khi thưởng thức các món ăn Việt Nam và quốc tế tại Nhà hàng nằm trên tầng 11.
Tất cả các căn gắn máy điều hòa tại đây đều được trang trí với tông màu trắng pha chút màu xám nhạt của vải và có tầm nhìn ra Cầu Rồng. Trong phòng được trang bị truyền hình vệ tinh màn hình phẳng, máy hút ẩm và minibar. Phòng tắm riêng đi kèm tiện nghi vòi sen, nắp bồn cầu thông minh, máy sấy tóc và đồ vệ sinh cá nhân miễn phí.
Chỗ nghỉ cung cấp dịch vụ lễ tân 24 giờ.
Star City Riverside Hotel By Haviland nằm cách Cầu Sông Hàn 800 m và Bảo tàng Chăm 2,2 km. Bãi biển Mỹ An nằm trong bán kính 5 km từ chỗ nghỉ này. Sân bay gần nhất là sân bay quốc tế Đà Nẵng, cách đó 5 km."
Le House Boutique Hotel,"85 - 87 Ha Bong, Đà Nẵng, Việt Nam","Bạn đủ điều kiện nhận giảm giá Genius tại Le House Boutique Hotel! Để tiết kiệm tại chỗ nghỉ này, bạn chỉ cần đăng nhập.
Nằm trên khu vực Bãi biển Mỹ Khê ở thành phố Đà Nẵng, trong bán kính 2 km từ Cầu Sông Hàn, Le House Boutique Hotel cung cấp các phòng gắn máy điều hòa với Wi-Fi miễn phí toàn khuôn viên. Khách sạn theo phong cách Pháp này có quán bar và bãi đỗ xe riêng miễn phí.
Mỗi phòng tại đây đều được trang bị truyền hình cáp. Một số phòng có khu vực ghế ngồi để khách thư giãn, trong khi một số phòng cho khách tầm nhìn ra quang cảnh biển hoặc thành phố. Các phòng còn đi kèm phòng tắm riêng với bồn tắm/vòi sen, dép và đồ vệ sinh cá nhân miễn phí.
Khách sạn có lễ tân 24 giờ.
Le House Boutique Hotel cách Bảo tàng Chăm 2,4 km và Bãi biển Mỹ An 3 km. Sân bay gần nhất là sân bay quốc tế Đà Nẵng, cách đó 5 km."
Sapphire Boutique Hotel Da Nang,"19 Le Binh Street, An Hai Bac Ward, Son Tra District, Đà Nẵng, Việt Nam","Bạn đủ điều kiện nhận giảm giá Genius tại Sapphire Boutique Hotel Da Nang! Để tiết kiệm tại chỗ nghỉ này, bạn chỉ cần đăng nhập.
Tọa lạc tại thành phố Đà Nẵng, cách Bãi biển Mỹ Khê 600 m, Sapphire Boutique Hotel Da Nang cung cấp chỗ nghỉ với hồ bơi ngoài trời, chỗ đỗ xe riêng miễn phí, khu vườn và sảnh khách chung. Mỗi chỗ nghỉ tại khách sạn 3 sao này đều có tầm nhìn ra quang cảnh thành phố và du khách có thể thư giãn trên sân hiên. Nơi đây cung cấp dịch vụ lễ tân 24 giờ, dịch vụ đưa đón sân bay, dịch vụ phòng và WiFi miễn phí trong toàn bộ khuôn viên.
Phòng nghỉ tại khách sạn được trang bị máy điều hòa, TV truyền hình vệ tinh màn hình phẳng, tủ lạnh, máy pha cà phê, vòi xịt/chậu rửa vệ sinh, đồ vệ sinh cá nhân miễn phí và bàn làm việc. Các phòng có ấm đun nước, ga trải giường, khăn tắm và phòng tắm riêng với vòi sen cùng máy sấy tóc. Một số phòng được bố trí khu vực bếp nấu ăn.
Cầu Sông Hàn nằm trong bán kính 2,2 km từ Sapphire Boutique Hotel Da Nang trong khi Cầu khóa Tình yêu cách đó 2,7 km. Sân bay gần nhất là sân bay quốc tế Đà Nẵng, cách chỗ nghỉ 6 km."
Essenza Hotel Đà Nẵng,"37 An Thượng 33, Đà Nẵng, Việt Nam","Located in Da Nang, 300 metres from My Khe Beach, Essenza Hotel Đà Nẵng provides air-conditioned rooms and a terrace. This 3-star hotel offers a shared kitchen and room service. The accommodation features a 24-hour front desk, a tour desk and currency exchange for guests.
Guest rooms in the hotel are equipped with a kettle. Each room is fitted with a flat-screen TV, and certain rooms at Essenza Hotel Đà Nẵng have a balcony.
Bac My An Beach is less than 1 km from the accommodation, while Love Lock Bridge Da Nang is 2.9 km away. The nearest airport is Da Nang International Airport, 6 km from Essenza Hotel Đà Nẵng."
Seashore Hotel & Apartment,"Lot 15 - 16 Hoang Sa Opposite Man Thai Beach, Đà Nẵng, Việt Nam","Bạn đủ điều kiện nhận giảm giá Genius tại Seashore Hotel & Apartment! Để tiết kiệm tại chỗ nghỉ này, bạn chỉ cần đăng nhập.
Seashore Hotel & Apartment cung cấp chỗ nghỉ 4 sao hướng biển ở thành phố Đà Nẵng đòng thời có xe đạp miễn phí, hồ bơi ngoài trời và trung tâm thể dục. Khách sạn 4 sao này có WiFi miễn phí, sảnh khách chung và dịch vụ phòng. Khách sạn có sân hiên và tầm nhìn ra quang cảnh thành phố đồng thời du khách có thể dùng bữa tại nhà hàng hay nhâm nhi đồ uống ở quầy bar.
Phòng nghỉ gắn máy điều hòa tại khách sạn được bố trí khu vực ghế ngồi, TV màn hình phẳng với các kênh truyền hình vệ tinh, két an toàn và phòng tắm riêng với vòi xịt/chậu rửa vệ sinh, đồ vệ sinh cá nhân miễn phí cùng máy sấy tóc. Tất cả các phòng đều được trang bị ấm đun nước trong khi một số phòng đi kèm ban công và các phòng khác cũng có tầm nhìn ra biển. Mỗi phòng tại Seashore Hotel & Apartment đều có ga trải giường và khăn tắm.
Chỗ nghỉ phục vụ bữa sáng buffet, bữa sáng à la carte hoặc bữa sáng kiểu lục địa.
Đội ngũ nhân viên nói tiếng Anh, tiếng Pháp, tiếng Nhật và tiếng Hàn tại quầy lễ tân luôn sẵn lòng cung cấp các thông tin hữu ích về khu vực xung quanh cho du khách.
Chỗ nghỉ nằm cách bãi biển Mỹ Khê vài bước chân và Cầu Sông Hàn 4,2 km. Sân bay gần nhất là sân bay quốc tế Đà Nẵng, nằm cách Seashore Hotel & Apartment 8 km và chỗ nghỉ cung cấp dịch vụ đưa đón sân bay với một khoản phụ phí."
Angel Hotel Da Nang,"187-189 Ho Nghinh, Đà Nẵng, Việt Nam","Bạn đủ điều kiện nhận giảm giá Genius tại Angel Hotel Da Nang! Để tiết kiệm tại chỗ nghỉ này, bạn chỉ cần đăng nhập.
Nằm cách Bãi biển Mỹ Khê ở Đà Nẵng chỉ 3 phút đi bộ, Angel Hotel Da Nang cung cấp các phòng nghỉ với tầm nhìn ra biển hoặc thành phố. Nơi đây cung cấp dịch vụ mát-xa trong phòng và truy cập WiFi miễn phí.
Khách sạn cách Ngũ Hành Sơn 10 phút lái xe và cách Sân bay Quốc tế Đà Nẵng 15 phút lái xe. Sông Hàn và trung tâm thành phố cách đó 1 km và Phố cổ Hội An cùng Ba Na Hills chỉ cách khách sạn 30 phút lái xe.
Được trang bị khu vực ghế ngồi, các phòng nghỉ có máy điều hòa, TV màn hình phẳng với các kênh truyền hình cáp và phòng tắm riêng với đồ vệ sinh cá nhân cùng máy sấy tóc. Ngoài ra còn đi kèm minibar và tủ quần áo.
Nhà hàng phục vụ các món ăn châu Á và phương Tây và cung cấp dịch vụ phòng đến 22:00.
Khách có thể sử dụng két an toàn tại quầy lễ tân 24 giờ của khách sạn. Khách sạn cũng cung cấp dịch vụ cho thuê xe, dịch vụ đặt vé/tour du lịch và chỗ đỗ xe miễn phí."
(602)Studio room*At walking street near the beach*,"30 An Thượng 2, Đà Nẵng, Việt Nam","(602)Studio room*At walking street near the beach* is located in Da Nang, 600 metres from Bac My An Beach, 3.4 km from Love Lock Bridge Da Nang, as well as 4 km from Asia Park Danang. The accommodation is 300 metres from the My Khe Beach and features free WiFi throughout the property.
This air-conditioned apartment is equipped with 1 bedroom, a flat-screen TV, and a kitchen with a microwave. Towels and bed linen are provided in the apartment.
Cham Museum is 4.1 km from the apartment, while Song Han Bridge is 4.6 km away. The nearest airport is Da Nang International Airport, 7 km from (602)Studio room*At walking street near the beach*."
Halina Hotel and Apartment,"Lot 133.134 Tran Bach Dang Str, My An Ward, Ngu Hanh Son Dist, Đà Nẵng, Việt Nam","Bạn đủ điều kiện nhận giảm giá Genius tại Halina Hotel and Apartment! Để tiết kiệm tại chỗ nghỉ này, bạn chỉ cần đăng nhập.
Tọa lạc tại thành phố Đà Nẵng, cách Cầu tàu Tình yêu 3 km, Halina Hotel and Apartment cung cấp chỗ nghỉ bên bờ biển với nhiều tiện nghi như hồ bơi ngoài trời, phòng xông hơi khô, trung tâm thể dục và quầy bar. Trong số các tiện nghi tại khách sạn này còn có nhà hàng, lễ tân 24 giờ, dịch vụ phòng và WiFi miễn phí. Chỗ nghỉ cũng có sảnh khách chung, trung tâm dịch vụ doanh nhân và dịch vụ thu đổi ngoại tệ cho khách.
Phòng nghỉ của Halina Hotel and Apartment được trang bị khu vực ghế ngồi, bàn làm việc, TV màn hình phẳng và phòng tắm riêng.
Halina Hotel and Apartment nằm cách Bảo tàng Chăm 3,6 km và Cầu Sông Hàn 4,2 km. Sân bay gần nhất là sân bay quốc tế Đà Nẵng, cách đó 6 km, và khách sạn cung cấp dịch vụ đưa đón sân bay với một khoản phụ phí."
Santori Apartment,"01 Hoa Phượng 1, Đà Nẵng, Việt Nam","Featuring a year-round outdoor pool, Santori Apartment in Da Nang provides accommodation with free WiFi and free private parking for guests who drive.
Fitted with a terrace, the units offer air conditioning and feature a flat-screen TV and a private bathroom with bidet and free toiletries. Some units include a balcony and/or a patio with river views.
Both a bicycle rental service and a car rental service are available at the aparthotel.
My Khe Beach is 2.2 km from Santori Apartment, while Bac My An Beach is 3 km away. The nearest airport is Da Nang International, 6 km from the accommodation, and the property offers a paid airport shuttle service."
Dreamy Sky - Airport View Boutique Hotel,"Cong san bay quoc te Da Nang, Duong Nguyen Van Linh, Da Nang, Đà Nẵng, Việt Nam","Bạn đủ điều kiện nhận giảm giá Genius tại Dreamy Sky - Airport View Boutique Hotel! Để tiết kiệm tại chỗ nghỉ này, bạn chỉ cần đăng nhập.
Tọa lạc tại thành phố Đà Nẵng, Dreamy Sky - Airport View Boutique Hotel cung cấp chỗ nghỉ 2 sao với sảnh khách chung và sân hiên. Khách sạn 2 sao này có khu vườn và phòng nghỉ gắn máy điều hòa với WiFi miễn phí cùng phòng tắm riêng. Chỗ nghỉ cung cấp bếp chung, dịch vụ phòng và dịch vụ thu đổi ngoại tệ cho khách.
Tất cả phòng nghỉ tại khách sạn được trang bị TV truyền hình vệ tinh màn hình phẳng, minibar, ấm đun nước, vòi xịt/chậu rửa vệ sinh, đồ vệ sinh cá nhân miễn phí và tủ để quần áo. Một số phòng còn có khu vực bếp ăn với tủ lạnh, lò nướng và máy rửa bát. Mỗi phòng đều được bố trí ga trải giường và khăn tắm.
Nhân viên nói tiếng Anh và tiếng Việt tại quầy lễ tân luôn sẵn sàng hỗ trợ du khách.
Dreamy Sky - Airport View Boutique Hotel nằm cách Bãi biển Thanh Bình 2,2 km và Bảo tàng Chăm 2,3 km. Sân bay gần nhất là sân bay quốc tế Đà Nẵng, nằm trong bán kính 1 km từ chỗ nghỉ."
Alani Hotel & Spa,"134-136-138 Tran Bach Dang, Đà Nẵng, Việt Nam","Bạn đủ điều kiện nhận giảm giá Genius tại Alani Hotel & Spa! Để tiết kiệm tại chỗ nghỉ này, bạn chỉ cần đăng nhập.
Aria Hotel & Spa nằm ở thành phố Đà Nẵng, cách Bãi biển Mỹ Khê 3 phút đi bộ. Du khách có thể thư giãn trên sân hiên tắm nắng và thưởng ngoạn quang cảnh biển trong khi bơi ở hồ bơi trên sân thượng. Chỗ nghỉ cung cấp WiFi miễn phí trong toàn bộ khuôn viên.
Phòng nghỉ tại đây có tủ để quần áo, khu vực ghế ngồi, máy điều hòa, TV màn hình phẳng, minibar và két an toàn các nhân. Một số phòng cho tầm nhìn ra quang cảnh biển/thành phố. Mỗi phòng đều được bố trí phòng tắm riêng với tiện nghi vòi sen và máy sấy tóc. Khăn tắm và đồ vệ sinh cá nhân miễn phí được cung cấp nhằm tạo thuận tiện cho du khách.
Nhân viên tại quầy lễ tân 24 giờ có thể hỗ trợ du khách với các dịch vụ giữ hành lý, giặt là, thuê xe đạp và xe hơi cũng như sắp xếp tour du lịch. Trong khuôn viên chỗ nghỉ còn có trung tâm thể dục, phòng xông hơi khô, phòng xông hơi ướt và tiện nghi tổ chức tiệc/hội họp.
Bảo tàng Chăm nằm trong bán kính 2,6 km từ Aria Hotel & Spa trong khi Cầu Sông Hàn cách đó 2,9 km. Sân bay gần nhất là sân bay quốc tế Đà Nẵng, cách Aria Hotel & Spa 5 km. Dịch vụ đưa đón có thể được bố trí với một khoản phụ phí.
Nằm cách Bãi biển Mỹ Khê vài bước chân, Aria Hotel & Spa có hồ bơi ngoài trời, dịch vụ mát-xa, nhà hàng và sảnh khách - quầy bar nhìn ra Thái Bình Dương. WiFi được cung cấp miễn phí trong toàn bộ khách sạn.
Khách sạn cung cấp phòng nghỉ trang nhã với tầm nhìn ra quang cảnh biển và thành phố. Tất cả các phòng đều được trang bị ghế sofa thoải mái, TV màn hình LED với các kênh truyền hình cáp quốc tế, két an toàn và minibar. Một số phòng còn có bồn tắm và ban công riêng. Phòng tắm riêng đi kèm đồ vệ sinh cá nhân miễn phí, máy sấy tóc và dép đi trong phòng."
Diamond Beach Hotel,"24 Chinh Huu, An Hai Bac, Đà Nẵng, Việt Nam","Bạn đủ điều kiện nhận giảm giá Genius tại Diamond Beach Hotel! Để tiết kiệm tại chỗ nghỉ này, bạn chỉ cần đăng nhập.
Quay mặt ra biển ở thành phố Đà Nẵng, Diamond Beach Hotel cung cấp chỗ nghỉ 3 sao và có hồ bơi ngoài trời, khu vườn cũng như sảnh khách chung. Mỗi chỗ nghỉ tại khách sạn 3 sao này đều có tầm nhìn ra quang cảnh thành phố và du khách có thể thư giãn tại sân hiên cũng như quầy bar. Nơi đây cung cấp dịch vụ lễ tân 24 giờ, dịch vụ đưa đón sân bay, dịch vụ phòng và WiFi miễn phí trong toàn bộ khuôn viên.
Chỗ nghỉ cung cấp bữa sáng buffet, bữa sáng à la carte và bữa sáng kiểu Ý hằng ngày. Nhà hàng tại khách sạn phục vụ ẩm thực Mỹ, Trung Quốc và Ý. Du khách cũng có thể yêu cầu thực đơn chay, thực đơn thuần chay và thực đơn không chứa sữa.
Diamond Beach Hotel có tiện nghi BBQ. Khu vực này nổi tiếng với hoạt động đi xe đạp và du khách cũng có thể thuê xe đạp tại khách sạn 3 sao này.
Chỗ nghỉ nằm cách Bãi biển Mỹ Khê 600 m và Cầu Sông Hàn 1,8 km. Sân bay gần nhất là sân bay quốc tế Đà Nẵng, nằm trong bán kính 6 km từ Diamond Beach Hotel."
Nhat Linh hotel & Apartment,"194 Nguyen Chi Thanh, Đà Nẵng, Việt Nam","Bạn đủ điều kiện nhận giảm giá Genius tại Nhat Linh hotel & Apartment! Để tiết kiệm tại chỗ nghỉ này, bạn chỉ cần đăng nhập.
Nằm gần Sông Hàn, Nhat Linh Da Nang cung cấp chỗ ở trang nhã và hiện đại với truy cập Wi-Fi miễn phí trong toàn bộ khuôn viên. Khách sạn có nhà hàng và lễ tân 24 giờ.
Từ khách sạn du khách chỉ cần đi 500 m là đến Bảo tàng Chăm và đi 1,1 km là tới Cầu Sông Hàn. Bãi biển Mỹ An nằm trong bán kính khoảng 4,4 km từ nơi nghỉ này trong khi Sân bay Quốc tế Đà Nẵng cách đó trong vòng 3 km lái xe.
Các phòng nghỉ máy lạnh tại đây có sàn lát gạch/gỗ, tủ quần áo, két an toàn (trong phòng), minibar và truyền hình cáp/vệ tinh màn hình phẳng. Phòng tắm riêng đi kèm tiện nghi vòi sen, máy sấy tóc, áo choàng tắm và đồ vệ sinh cá nhân miễn phí.
Tại Nhat Linh hotel & Apartment, du khách có thể yêu cầu các dịch vụ giữ hành lý, thu đổi ngoại tệ, trợ giúp đặc biệt và sắp xếp tour du lịch. Khách sạn cho thuê xe đạp trong khi dịch vụ đưa đón sân bay có thể được bố trí với một khoản phụ phí.
Nhà hàng trong khuôn viên phục vụ một loạt món ăn địa phương ngon miệng. Đồ uống sau bữa ăn có tại quầy bar và lựa chọn dịch vụ ăn uống tại phòng cũng được cung cấp để tạo thuận tiện cho du khách."
